timestamp,symbol,name,buy_sol,sell_sol,sol_eur,buy_eur,sell_eur
2026-07-30T11:11:55+02:00,tomorrowland_winter,A Letter from the Universe,51.65,49.305,64.42,3327.293,3176.2281000000003
2026-07-30T11:11:55+02:00,the_reflection_of_love,The Reflection of Love,15.378,14.5104,64.42,990.65076,934.7599680000001
2026-07-30T11:11:55+02:00,tomorrowland_love_unity,The Symbol of Love and Unity,2.1479,1.8379935,64.42,138.367718,118.40354127
2026-07-30T11:43:50+02:00,tomorrowland_winter,A Letter from the Universe,51.6499,49.356,64.54,3333.4845460000006,3185.4362400000005
2026-07-30T11:43:50+02:00,the_reflection_of_love,The Reflection of Love,15.378,14.5108,64.54,992.4961200000001,936.5270320000001
2026-07-30T11:43:50+02:00,tomorrowland_love_unity,The Symbol of Love and Unity,2.148,1.93483,64.54,138.63192,124.87392820000001
2026-07-30T12:58:12+02:00,tomorrowland_winter,A Letter from the Universe,51.6499,49.434,64.32,3322.121568,3179.5948799999996
2026-07-30T12:58:12+02:00,the_reflection_of_love,The Reflection of Love,15.378,14.512,64.32,989.1129599999999,933.41184
2026-07-30T12:58:12+02:00,tomorrowland_love_unity,The Symbol of Love and Unity,2.148,1.934305,64.32,138.15936,124.41449759999999
